Person,Teaching Module,Teaching Adjustment,Teaching Rationale,Research Adjustment,Research Rationale,Admin Adjustment,Admin Rationale
Adrian Bors,,,,,,,
Alena Denisova,,,,,,,
Alvaro Miyazawa,,,,,,,
Andrew Pomfret,,,,,,,
Antonio Garcia-Dominguez,,,,,,,
Carlo Ottaviani,,,,,,,
Christopher Crispin-Bailey,,,,,,,
Claire Ingram,,,,,,,
Claudio Guarnera,,,,,,,
Colin Paterson,,,,,,,
Da Li,,,,,,,
Dawn H Wood,,,,,,,
Detlef Plump,,,,,,,
Dimitar Kazakov,,,,,,,
Dimitris Kolovos,,,,,,,
Fang Yan,,,,,,,
Felix Ulrich-Oltean,,,,,,,
Frank Soboczenski,,,,,,,
Iain Bate,,,,,,,
Ian Gray,,,,,,,
Jacob Rigby,,,,,,,
James Stovold,,,,,,,
James Walker,,,,,,,
Jen Beeston,,,,,,,
Jo Iacovides,,,,,,,
Joe Cutting,,,,,,,
Katrina Attwood,,,,,,,
Kofi Appiah,,,,,,,
Kostas Barmpis,,,,,,,
Mike Freeman,,,,,,,
Mike O'Dea,,,,,,,
Nick Pears,,,,,,,
Paul Cairns,,,,,,,
Pedro Ribeiro,,,,,,,
Pengcheng Liu,,,,,,,
Peter Nightingale,,,,,,,
Phoebe,,,,,,,
Poonam Yadav,,,,,,,
Pourya Shamsolmoali,,,,,,,
Radu Calinescu,,,,,,,
Rob Alexander,,,,,,,
Robbert Jongeling,,,,,,,
Roberto Metere,,,,,,,
Sam Braunstein,,,,,,,
Siamak Shahandashti,,,,,,,
Simon Foster,,,,,,,
Soumya Banerjee,,,,,,,
Stefano Pirandola,,,,,,,
Steven Wright,,,,,,,
Steven Xiaotian Dai,,,,,,,
Tommy Yuan,,,,,,,
Vasileios Vasilakis,,,,,,,
William Smith,,,,,,,
Xinwei Fang,,,,,,,
Yan Jia,,,,,,,
Yuchen Zhao,,,,,,,
David Pumfrey,,,,,,,
Kate P,,,,,,,
Mark,,,,,,,
Mark Nicholson,,,,,,,
Mark Sujan,,,,,,,
Oleg Lisagor,,,,,,,
Richard Hawkins,,,,,,,
Sarah Carrington,,,,,,,
Simon Burton,,,,,,,
Ana Cavalcanti,,,,,,,
John McDermid,,,,,,,
Philippa Ryan,,,,,,,
Richard Wilson,,,,,,,
Simos Gerasimou,,,,,,,
